sample_identity,cannabinoid_tetrahydrocannabinol_acid,cannabinoid_tetrahydrocannabinol,cannabinoid_cannabidiol,cannabinoid_cannabidiol_acid,cannabinoid_cannabigerol,cannabinoid_cannabinol
MEOH-001,0.00025100000000000003,0.000298,9.2e-05,9.900000000000002e-05,0.00015900000000000002,0.000127
3PARTSCBG_CCV-001,10.794871,12.332364000000002,10.964675,12.395207000000001
THCACBDA_CCV-001,9.084457,7.799966
190307-001,6455.740000000001,5987.590000000001,8320.79,6368.1,5316.75,6600.88
190307-002,9218.529999999999,9273.98,1586.03,7658.77,5128.75,3592.23
