ID,tetrahydrocannabinol_acid,tetrahydrocannabinol,cannabidiol,cannabidiol_acid,cannabigerol,cannabinol
MEOH,1.9e-05,0.000329,5.2e-05,2.7e-05,0.000226,0.000108
3PARTSCBG_CCV,7.658954,11.069287,8.205603,9.12997
THCACBDA_CCV,8.195203000000001,10.699973
190307-003-10,1406.06,3869.2900000000004,4425.679999999999,7668.61,4599.49,4979.38
190307-004-10,7651.78,6975.509999999999,725.47,699.98,4385.72,2354.0
MEOH_B,0.000191,0.000179,3.7000000000000005e-05,5.5e-05,0.00016500000000000003,0.00014800000000000002
